[
  {
    "model": "myapp.category",
    "pk": 1,
    "fields": {
      "name": "Furniture",
      "warehouse": "Windsor"
    }
  },
  {
    "model": "myapp.category",
    "pk": 2,
    "fields": {
      "name": "Appliances",
      "warehouse": "Windsor"
    }
  },
  {
    "model": "myapp.category",
    "pk": 3,
    "fields": {
      "name": "Electronics",
      "warehouse": "London"
    }
  },
  {
    "model": "myapp.category",
    "pk": 4,
    "fields": {
      "name": "Home Decor",
      "warehouse": "Waterloo"
    }
  },
  {
    "model": "myapp.category",
    "pk": 5,
    "fields": {
      "name": "Flooring",
      "warehouse": "London"
    }
  },
  {
    "model": "myapp.product",
    "pk": 1,
    "fields": {
      "category": 4,
      "name": "Clock",
      "description": "",
      "price": "99.99",
      "stock": 350,
      "available": true,
      "interested": 2
    }
  },
  {
    "model": "myapp.product",
    "pk": 2,
    "fields": {
      "category": 4,
      "name": "Vase",
      "description": "",
      "price": "82.54",
      "stock": 100,
      "available": true,
      "interested": 1
    }
  },
  {
    "model": "myapp.product",
    "pk": 3,
    "fields": {
      "category": 4,
      "name": "Painting",
      "description": "",
      "price": "135.80",
      "stock": 80,
      "available": true,
      "interested": 2
    }
  },
  {
    "model": "myapp.product",
    "pk": 4,
    "fields": {
      "category": 4,
      "name": "Lamp",
      "description": "",
      "price": "59.99",
      "stock": 200,
      "available": true,
      "interested": 2
    }
  },
  {
    "model": "myapp.product",
    "pk": 5,
    "fields": {
      "category": 3,
      "name": "Tablet",
      "description": "",
      "price": "299.99",
      "stock": 0,
      "available": false,
      "interested": 0
    }
  },
  {
    "model": "myapp.product",
    "pk": 6,
    "fields": {
      "category": 3,
      "name": "Laptop",
      "description": "",
      "price": "975.50",
      "stock": 85,
      "available": true,
      "interested": 1
    }
  },
  {
    "model": "myapp.product",
    "pk": 7,
    "fields": {
      "category": 3,
      "name": "TV",
      "description": "",
      "price": "3500.00",
      "stock": 20,
      "available": true,
      "interested": 1
    }
  },
  {
    "model": "myapp.product",
    "pk": 8,
    "fields": {
      "category": 1,
      "name": "Table",
      "description": "",
      "price": "599.99",
      "stock": 120,
      "available": true,
      "interested": 0
    }
  },
  {
    "model": "myapp.product",
    "pk": 9,
    "fields": {
      "category": 1,
      "name": "Dresser",
      "description": "",
      "price": "360.85",
      "stock": 100,
      "available": true,
      "interested": 0
    }
  },
  {
    "model": "myapp.product",
    "pk": 10,
    "fields": {
      "category": 1,
      "name": "Bed",
      "description": "",
      "price": "1225.25",
      "stock": 0,
      "available": false,
      "interested": 0
    }
  },
  {
    "model": "myapp.product",
    "pk": 11,
    "fields": {
      "category": 1,
      "name": "Sofa",
      "description": "",
      "price": "1500.95",
      "stock": 135,
      "available": true,
      "interested": 1
    }
  },
  {
    "model": "myapp.product",
    "pk": 12,
    "fields": {
      "category": 2,
      "name": "Dryer",
      "description": "",
      "price": "775.00",
      "stock": 50,
      "available": false,
      "interested": 0
    }
  },
  {
    "model": "myapp.product",
    "pk": 13,
    "fields": {
      "category": 2,
      "name": "Washer",
      "description": "",
      "price": "885.75",
      "stock": 150,
      "available": true,
      "interested": 0
    }
  },
  {
    "model": "myapp.product",
    "pk": 14,
    "fields": {
      "category": 2,
      "name": "Stove",
      "description": "",
      "price": "950.50",
      "stock": 150,
      "available": true,
      "interested": 0
    }
  },
  {
    "model": "myapp.client",
    "pk": 2,
    "fields": {
      "company": "",
      "shipping_address": "123 University Avenue",
      "city": "Windsor",
      "province": "ON",
      "interested_in": [
        1,
        2,
        3,
        4
      ]
    }
  },
  {
    "model": "myapp.client",
    "pk": 3,
    "fields": {
      "company": "",
      "shipping_address": "456 Sunset Avenue",
      "city": "Windsor",
      "province": "ON",
      "interested_in": [
        1,
        3
      ]
    }
  },
  {
    "model": "myapp.client",
    "pk": 4,
    "fields": {
      "company": "",
      "shipping_address": "789 King Street",
      "city": "Calgary",
      "province": "AB",
      "interested_in": [
        2,
        3,
        4
      ]
    }
  },
  {
    "model": "myapp.client",
    "pk": 5,
    "fields": {
      "company": "",
      "shipping_address": "456 Sunset Avenue",
      "city": "Montreal",
      "province": "QC",
      "interested_in": [
        1,
        4
      ]
    }
  },
  {
    "model": "myapp.client",
    "pk": 6,
    "fields": {
      "company": "",
      "shipping_address": "987 King Street",
      "city": "Edmonton",
      "province": "AB",
      "interested_in": [
        3
      ]
    }
  },
  {
    "model": "myapp.client",
    "pk": 7,
    "fields": {
      "company": "",
      "shipping_address": null,
      "city": "Windsor",
      "province": "ON",
      "interested_in": [
        1,
        2
      ]
    }
  },
  {
    "model": "myapp.client",
    "pk": 8,
    "fields": {
      "company": "",
      "shipping_address": null,
      "city": "Windsor",
      "province": "ON",
      "interested_in": []
    }
  },
  {
    "model": "myapp.order",
    "pk": 1,
    "fields": {
      "product": 4,
      "client": 3,
      "num_units": 2,
      "order_status": 1,
      "status_date": "2022-10-12"
    }
  },
  {
    "model": "myapp.order",
    "pk": 2,
    "fields": {
      "product": 7,
      "client": 2,
      "num_units": 1,
      "order_status": 1,
      "status_date": "2022-10-12"
    }
  },
  {
    "model": "myapp.order",
    "pk": 3,
    "fields": {
      "product": 5,
      "client": 4,
      "num_units": 2,
      "order_status": 0,
      "status_date": "2022-10-05"
    }
  },
  {
    "model": "myapp.order",
    "pk": 4,
    "fields": {
      "product": 7,
      "client": 4,
      "num_units": 3,
      "order_status": 1,
      "status_date": "2022-11-02"
    }
  },
  {
    "model": "myapp.order",
    "pk": 5,
    "fields": {
      "product": 7,
      "client": 4,
      "num_units": 3,
      "order_status": 1,
      "status_date": "2022-11-02"
    }
  },
  {
    "model": "myapp.order",
    "pk": 6,
    "fields": {
      "product": 6,
      "client": 2,
      "num_units": 2,
      "order_status": 1,
      "status_date": "2022-11-02"
    }
  },
  {
    "model": "myapp.order",
    "pk": 8,
    "fields": {
      "product": 13,
      "client": 3,
      "num_units": 10,
      "order_status": 1,
      "status_date": "2022-11-02"
    }
  },
  {
    "model": "myapp.order",
    "pk": 9,
    "fields": {
      "product": 13,
      "client": 3,
      "num_units": 10,
      "order_status": 1,
      "status_date": "2022-11-02"
    }
  },
  {
    "model": "myapp.order",
    "pk": 10,
    "fields": {
      "product": 13,
      "client": 4,
      "num_units": 10,
      "order_status": 1,
      "status_date": "2022-11-02"
    }
  },
  {
    "model": "myapp.order",
    "pk": 11,
    "fields": {
      "product": 11,
      "client": 2,
      "num_units": 15,
      "order_status": 1,
      "status_date": "2022-11-02"
    }
  },
  {
    "model": "myapp.order",
    "pk": 12,
    "fields": {
      "product": 11,
      "client": 3,
      "num_units": 20,
      "order_status": 1,
      "status_date": "2022-11-02"
    }
  },
  {
    "model": "myapp.order",
    "pk": 13,
    "fields": {
      "product": 11,
      "client": 4,
      "num_units": 20,
      "order_status": 1,
      "status_date": "2022-11-02"
    }
  },
  {
    "model": "myapp.order",
    "pk": 14,
    "fields": {
      "product": 11,
      "client": 4,
      "num_units": 20,
      "order_status": 1,
      "status_date": "2022-11-02"
    }
  },
  {
    "model": "myapp.order",
    "pk": 15,
    "fields": {
      "product": 14,
      "client": 2,
      "num_units": 0,
      "order_status": 1,
      "status_date": "2022-11-09"
    }
  }
]